Chromosome	Position(bp)	Rate(cM/Mb)	Map(cM)
1	73591	15.7153	0.0
1	221573	26.9442	2.3255813953488373
1	307884	175.874	4.651162790697675
1	321107	225.194	6.976744186046512
1	331434	63.6936	9.30232558139535
1	367946	28.3155	11.627906976744185
1	450077	32.3631	13.953488372093023
1	521936	51.6704	16.27906976744186
1	566944	33.6514	18.6046511627907
1	636052	55.9276	20.930232558139537
1	677634	312.242	23.25581395348837
1	685082	128.386	25.581395348837212
1	703196	105.106	27.906976744186046
1	725322	28.8612	30.23255813953488
1	805900	31.0032	32.55813953488372
1	880911	118.35	34.883720930232556
1	900561	84.1961	37.2093023255814
1	928182	25.9014	39.53488372093023
1	1017968	24.1539	41.86046511627907
1	1114250	25.4788	44.18604651162791
1	1205525	24.6456	46.51162790697674
1	1299886	19.6411	48.837209302325576
1	1418290	21.8816	51.162790697674424
1	1524570	13.7423	53.48837209302325
1	1693798	5.98263	55.81395348837209
1	2082520	9.89277	58.139534883720934
1	2317599	48.7135	60.46511627906976
1	2365339	49.7217	62.7906976744186
1	2412111	20.3395	65.11627906976744
1	2526449	19.3251	67.44186046511628
1	2646789	46.782	69.76744186046511
1	2696500	33.5335	72.09302325581395
1	2765851	55.7186	74.4186046511628
1	2807589	47.2996	76.74418604651163
1	2856756	57.4317	79.06976744186046
1	2897249	50.5067	81.3953488372093
1	2943294	36.1941	83.72093023255815
1	3007547	105.383	86.04651162790698
1	3029615	2135.52	88.37209302325581
1	3030704	2135.52	90.69767441860465
1	3031793	1039.6	93.02325581395348
1	3034030	175.595	95.34883720930233
1	3047274	175.714	97.67441860465115
1	3060509	62.6791	100.0
1	3097612	41.0691	102.32558139534885
1	3154238	21.2691	104.65116279069768
1	3263579	12.1555	106.9767441860465
1	3454898	16.0992	109.30232558139534
1	3599351	42.3002	111.62790697674419
1	3654329	108.011	113.95348837209302
1	3675860	153.281	116.27906976744187
1	3691032	211.282	118.6046511627907
1	3702039	1494.59	120.93023255813952
1	3705151	792.362	125.5813953488372
1	3711021	377.284	130.2325581395349
1	3717185	125.544	132.5581395348837
1	3735709	63.8177	134.88372093023256
1	3772150	49.8325	137.2093023255814
1	3818818	57.2775	139.53488372093022
1	3859420	174.79	141.86046511627907
1	3872725	68.1829	144.1860465116279
1	3906833	22.2706	146.51162790697674
1	4011257	25.31	148.8372093023256
1	4103141	71.897	151.1627906976744
1	4135487	103.355	153.48837209302326
1	4157988	27.0457	155.8139534883721
1	4243975	30.0937	158.13953488372093
1	4321253	42.8252	160.46511627906978
1	4375557	15.3509	162.7906976744186
1	4527052	11.0091	165.11627906976744
1	4738293	6.97388	167.4418604651163
1	5071763	5.95477	169.7674418604651
1	5462304	4.83714	172.09302325581396
1	5943080	3.51558	174.41860465116278
1	6604588	6.20544	176.74418604651163
1	6979353	74.3567	179.06976744186048
1	7010629	47.2228	181.3953488372093
1	7059876	38.6939	183.72093023255815
1	7119978	79.2173	186.04651162790697
1	7149335	77.935	188.37209302325581
1	7179175	95.073	190.69767441860466
1	7203636	157.453	193.0232558139535
1	7218406	118.164	195.3488372093023
1	7238087	25.5328	197.67441860465115
1	7329169	19.3819	200.0
1	7449156	43.1214	202.32558139534885
1	7503087	112.848	204.6511627906977
1	7523695	255.222	206.97674418604652
1	7532807	69.0165	209.30232558139537
1	7566503	45.2765	211.6279069767442
1	7617867	48.57	213.953488372093
1	7665748	44.0585	216.27906976744185
1	7718532	45.5166	218.60465116279067
1	7769625	30.605	220.93023255813952
1	7845612	14.7536	223.25581395348837
1	8003240	18.2308	225.58139534883722
1	8130803	119.653	227.90697674418604
1	8150239	114.335	230.2325581395349
1	8170579	80.5843	232.55813953488374
1	8199438	79.6132	234.88372093023258
1	8228649	31.2515	237.2093023255814
1	8303064	34.7839	239.53488372093022
1	8369922	29.9372	241.86046511627904
1	8447604	25.682	244.1860465116279
1	8538157	14.0335	246.51162790697674
1	8703873	7.86421	248.8372093023256
1	8999590	12.3579	251.1627906976744
1	9187776	21.9138	253.48837209302326
1	9293900	31.1748	255.8139534883721
1	9368498	74.2144	258.13953488372096
1	9399834	61.1046	260.4651162790698
1	9437893	51.9207	262.7906976744186
1	9482684	35.6165	265.1162790697674
1	9547979	28.491	267.4418604651163
1	9629604	13.4308	269.7674418604651
1	9802757	9.34224	272.09302325581393
1	10051689	15.0501	274.4186046511628
1	10206212	55.7466	276.74418604651163
1	10247929	39.6701	279.06976744186045
1	10306552	34.7252	281.3953488372093
1	10373523	68.9143	283.72093023255815
1	10407269	229.302	286.046511627907
1	10417411	7.42215	288.3720930232558
1	10730741	7.42798	290.6976744186046
1	11043825	64.2888	293.0232558139535
1	11079999	35.4326	295.3488372093023
1	11145633	6.87696	297.6744186046512
1	11483803	6.62617	300.0
1	11834772	39.4608	302.3255813953488
1	11893706	120.055	304.6511627906977
1	11913077	144.977	306.9767441860465
1	11929118	20.582	309.3023255813954
1	12042109	22.8963	311.6279069767442
1	12143679	35.6449	313.953488372093
1	12208922	23.1049	316.27906976744185
1	12309575	8.03021	318.6046511627907
1	12599179	8.77144	320.93023255813955
1	12864310	42.0844	323.25581395348837
1	12919570	37.9464	325.5813953488372
1	12980856	3.48878	327.90697674418607
1	13647444	3.3271	330.2325581395349
1	14346425	46.4169	332.5581395348837
1	14396527	1250.99	334.8837209302326
1	14398386	258.743	337.2093023255814
1	14407374	102.201	339.5348837209302
1	14430129	48.8024	341.86046511627904
1	14477782	60.7154	344.1860465116279
1	14516085	45.1324	346.51162790697674
1	14567613	11.8298	348.83720930232556
1	14764200	11.8896	351.16279069767444
1	14959798	50.7536	353.48837209302326
1	15005619	83.2587	355.8139534883721
1	15033551	80.3171	358.13953488372096
1	15062506	25.3585	360.4651162790698
1	15154214	19.5992	362.7906976744186
1	15272871	44.9535	365.1162790697674
1	15324604	95.6675	367.4418604651163
1	15348913	50.8557	369.7674418604651
1	15394642	41.4453	372.09302325581393
1	15450754	67.5805	374.4186046511628
1	15485166	63.0478	376.74418604651163
1	15522052	98.8011	379.06976744186045
1	15545590	238.913	381.3953488372093
1	15555324	1208.72	383.72093023255815
1	15557248	215.391	386.046511627907
1	15568045	114.883	388.3720930232558
1	15588288	45.6587	390.6976744186046
1	15639222	18.446	393.0232558139535
1	15765297	15.6648	395.3488372093023
1	15913756	16.8375	397.6744186046512
1	16051875	25.7067	400.0
1	16142341	52.8733	402.3255813953488
1	16186325	19.0775	404.6511627906977
1	16308227	18.4298	406.9767441860465
1	16434413	27.6345	409.3023255813954
1	16518568	13.043	411.6279069767442
1	16696869	17.0291	413.95348837209303
1	16833434	21.8592	416.2790697674419
1	16939823	24.0288	418.60465116279073
1	17036606	1246.96	420.93023255813955
1	17038471	1246.96	423.2558139534884
1	17040343	42.06	427.906976744186
1	17095635	41.3385	430.23255813953483
1	17151892	251.251	432.5581395348837
1	17161148	40.6229	434.8837209302325
1	17218396	47.4938	437.20930232558135
1	17267362	2106.5	439.5348837209302
1	17268466	2106.5	441.86046511627904
1	17269596	10.4477	446.51162790697674
1	17492188	9.82884	448.83720930232556
1	17728796	80.6653	451.16279069767444
1	17757626	77.267	453.48837209302326
1	17787724	96.8024	455.8139534883721
1	17811748	176.542	458.13953488372096
1	17824921	322.639	460.4651162790698
1	17832129	40.4189	462.79069767441865
1	17889666	28.7595	465.1162790697675
1	17970529	38.042	467.4418604651163
1	18031661	31.9378	469.76744186046517
1	18104477	34.7969	472.093023255814
1	18171310	17.7865	474.4186046511628
1	18302060	6.80673	476.7441860465116
1	18643719	8.17097	479.06976744186045
1	18928334	20.8559	481.39534883720927
1	19039841	32.6613	483.7209302325581
1	19111044	136.582	486.04651162790697
1	19128071	53.638	488.3720930232558
1	19171428	54.8344	490.6976744186046
1	19213839	8.85767	493.0232558139535
1	19476389	7.38402	495.3488372093023
1	19791337	9.79885	497.6744186046512
1	20028669	13.3565	500.0
1	20202785	15.2022	502.3255813953488
1	20355762	7.50009	504.6511627906977
1	20665836	13.5704	506.9767441860465
1	20837207	65.5629	509.3023255813954
1	20872678	15.1649	511.6279069767442
1	21026031	16.9939	513.953488372093
1	21162879	98.5124	516.2790697674419
1	21186486	100.483	518.6046511627908
1	21209630	40.8219	520.9302325581396
1	21266599	38.0028	523.2558139534884
1	21327794	206.48	525.5813953488372
1	21339057	47.0661	527.906976744186
1	21388468	25.9998	530.2325581395348
1	21477914	19.4818	532.5581395348837
1	21597286	29.257	534.8837209302326
1	21676774	31.2309	537.2093023255813
1	21751238	28.6928	539.5348837209302
1	21832289	184.482	541.8604651162791
1	21844895	196.583	544.1860465116279
1	21856725	84.1474	546.5116279069767
1	21884362	109.661	548.8372093023256
1	21905569	22.5587	551.1627906976744
1	22008659	14.2213	553.4883720930233
1	22172187	32.8695	555.8139534883721
1	22242939	73.4016	558.1395348837209
1	22274622	80.994	560.4651162790698
1	22303335	26.1572	562.7906976744187
1	22392243	25.7218	565.1162790697674
1	22482656	21.4991	567.4418604651163
1	22590827	11.7628	569.7674418604652
1	22788534	23.3284	572.093023255814
1	22888223	17.3068	574.4186046511628
1	23022597	10.896	576.7441860465116
1	23236032	19.6257	579.0697674418604
1	23354529	41.5616	581.3953488372092
1	23410484	23.9371	583.7209302325581
1	23507638	28.4753	586.046511627907
1	23589308	174.541	588.3720930232558
1	23602632	60.9333	590.6976744186046
1	23640798	42.2081	593.0232558139535
1	23695896	40.9167	595.3488372093024
1	23752733	21.517	597.6744186046511
1	23860814	22.6017	600.0
1	23963708	46.9019	602.3255813953489
1	24013292	53.7769	604.6511627906976
1	24056537	24.5141	606.9767441860465
1	24151404	30.3462	609.3023255813954
1	24228039	3266.27	611.6279069767442
1	24228751	37.028	613.953488372093
1	24291557	28.8312	616.2790697674419
1	24372219	63.511	618.6046511627908
1	24408836	78.4371	620.9302325581396
1	24438485	95.4986	623.2558139534884
1	24462837	133.908	625.5813953488372
1	24480204	10.7994	627.906976744186
1	24695548	10.8784	630.2325581395348
1	24909328	59.4915	632.5581395348837
1	24948419	15.7906	634.8837209302326
1	25095695	19.3992	637.2093023255813
1	25215575	32.0487	639.5348837209302
1	25288139	13.973	641.8604651162791
1	25454573	18.713	644.1860465116279
1	25578849	59.9624	646.5116279069767
1	25617633	107.209	648.8372093023256
1	25639325	71.6114	651.1627906976744
1	25671800	50.7138	653.4883720930233
1	25717657	18.9642	655.8139534883721
1	25840287	15.8955	658.1395348837209
1	25986591	42.4609	660.4651162790698
1	26041361	155.132	662.7906976744187
1	26056352	80.2395	665.1162790697674
1	26085335	20.1616	667.4418604651163
1	26200682	18.8818	669.7674418604652
1	26323847	16.4289	672.093023255814
1	26465401	21.391	674.4186046511628
1	26574119	56.0408	676.7441860465116
1	26615617	59.7636	679.0697674418604
1	26654530	92.2045	681.3953488372092
1	26679752	54.9004	683.7209302325581
1	26722112	67.9359	686.046511627907
1	26756344	17.9114	688.3720930232558
1	26886182	17.0715	690.6976744186046
1	27022408	69.8478	693.0232558139535
1	27055703	43.826	695.3488372093024
1	27108767	50.143	697.6744186046511
1	27155146	118.314	700.0
1	27174802	41.2879	702.3255813953489
1	27231128	58.0264	704.6511627906976
1	27271206	222.522	706.9767441860465
1	27281657	44.1371	709.3023255813954
1	27334347	27.4017	711.6279069767442
1	27419217	43.9236	713.953488372093
1	27472163	211.224	716.2790697674419
1	27483173	17.1351	718.6046511627908
1	27618893	0	720.9302325581396
2	212585	10.8208	0.0
2	427502	36.1941	2.3255813953488373
2	491755	3.93941	4.651162790697675
2	1082093	2.18955	6.976744186046512
2	2144219	4.25688	9.30232558139535
2	2690530	121.918	11.627906976744185
2	2709605	5.31078	13.953488372093023
2	3147503	5.06212	16.27906976744186
2	3606912	45.5024	18.6046511627907
2	3658021	70.2677	20.930232558139537
2	3691117	53.3806	23.25581395348837
2	3734683	29.7362	25.581395348837212
2	3812890	13.5666	27.906976744186046
2	3984309	13.3988	30.23255813953488
2	4157876	48.1786	32.55813953488372
2	4206146	108.942	34.883720930232556
2	4227493	53.0991	37.2093023255814
2	4271290	59.2429	39.53488372093023
2	4310545	112.385	41.86046511627907
2	4331238	237.328	44.18604651162791
2	4341037	15.7786	46.51162790697674
2	4488425	14.0179	48.837209302325576
2	4654326	14.8086	51.162790697674424
2	4811369	16.5318	53.48837209302325
2	4952042	111.748	55.81395348837209
2	4972853	18.315	58.139534883720934
2	5099830	11.1367	60.46511627906976
2	5308652	15.981	62.7906976744186
2	5454174	22.0683	65.11627906976744
2	5559555	25.697	67.44186046511628
2	5650055	52.3532	69.76744186046511
2	5694476	48.4133	72.09302325581395
2	5742512	60.9365	74.4186046511628
2	5780676	38.4495	76.74418604651163
2	5841160	19.9933	79.06976744186046
2	5957478	34.5693	81.3953488372093
2	6024751	139.156	83.72093023255815
2	6041463	32.8435	86.04651162790698
2	6112271	32.4902	88.37209302325581
2	6183849	358.167	90.69767441860465
2	6190342	750.914	93.02325581395348
2	6193439	15.63	95.34883720930233
2	6342229	13.6735	97.67441860465115
2	6512308	95.4555	100.0
2	6536671	50.9493	102.32558139534885
2	6582316	13.1612	104.65116279069768
2	6759016	10.2453	106.9767441860465
2	6986005	15.7874	109.30232558139534
2	7133311	20.0956	111.62790697674419
2	7249037	17.899	113.95348837209302
2	7378965	34.5673	116.27906976744187
2	7446242	809.743	118.6046511627907
2	7449114	74.8064	120.93023255813952
2	7480202	48.4002	123.25581395348837
2	7528251	77.9037	125.5813953488372
2	7558103	32.8194	127.90697674418605
2	7628963	37.5785	130.2325581395349
2	7690849	63.5578	132.5581395348837
2	7727439	30.4236	134.88372093023256
2	7803879	10.4161	137.2093023255814
2	8027147	7.64959	139.53488372093022
2	8331161	14.9085	141.86046511627907
2	8487151	62.6301	144.1860465116279
2	8524283	55.5973	146.51162790697674
2	8566112	38.1574	148.8372093023256
2	8627059	35.3228	151.1627906976744
2	8692897	21.5675	153.48837209302326
2	8800725	21.7011	155.8139534883721
2	8907889	21.1933	158.13953488372093
2	9017621	7.00975	160.46511627906978
2	9349385	6.66931	162.7906976744186
2	9698084	27.3508	165.11627906976744
2	9783112	60.4063	167.4418604651163
2	9821611	55.8873	169.7674418604651
2	9863223	281.82	172.09302325581396
2	9871475	116.565	174.41860465116278
2	9891426	104.011	176.74418604651163
2	9913785	243.618	179.06976744186048
2	9923331	355.757	181.3953488372093
2	9929868	12.9154	183.72093023255815
2	10109930	10.6106	186.04651162790697
2	10329106	14.2818	188.37209302325581
2	10491941	18.1057	190.69767441860466
2	10620386	24.1223	193.0232558139535
2	10716794	26.5659	195.3488372093023
2	10804334	138.362	197.67441860465115
2	10821142	60.1174	200.0
2	10859826	20.846	202.32558139534885
2	10971386	17.2689	204.6511627906977
2	11106055	17.5134	206.97674418604652
2	11238844	20.4013	209.30232558139537
2	11352836	71.4838	211.6279069767442
2	11385369	110.959	213.953488372093
2	11406328	73.7671	216.27906976744185
2	11437854	76.2361	218.60465116279067
2	11468359	27.7026	220.93023255813952
2	11552307	32.6265	223.25581395348837
2	11623586	157.923	225.58139534883722
2	11638312	27.2364	227.90697674418604
2	11723697	17.3482	230.2325581395349
2	11857750	33.6086	232.55813953488374
2	11926946	112.876	234.88372093023258
2	11947549	151.989	237.2093023255814
2	11962850	24.0965	239.53488372093022
2	12059361	15.613	241.86046511627904
2	12208313	19.2611	244.1860465116279
2	12329053	29.8174	246.51162790697674
2	12407047	24.5976	248.8372093023256
2	12501592	13.1061	251.1627906976744
2	12679035	20.8805	253.48837209302326
2	12790411	13.9883	255.8139534883721
2	12956663	14.4782	258.13953488372096
2	13117289	37.2159	260.4651162790698
2	13179778	37.3108	262.7906976744186
2	13242108	20.9941	265.1162790697674
2	13352881	15.5271	267.4418604651163
2	13502657	36.3202	269.7674418604651
2	13566687	87.1037	272.09302325581393
2	13593386	23.1876	274.4186046511628
2	13693680	21.4983	276.74418604651163
2	13801855	62.8009	279.06976744186045
2	13838886	29.6676	281.3953488372093
2	13917274	17.4509	283.72093023255815
2	14050538	30.1245	286.046511627907
2	14127737	211.744	288.3720930232558
2	14138720	482.586	290.6976744186046
2	14143539	46.7576	293.0232558139535
2	14193276	14.446	295.3488372093023
2	14354260	15.0065	297.6744186046512
2	14509232	45.1657	300.0
2	14560722	160.219	302.3255813953488
2	14575237	106.82	304.6511627906977
2	14597008	147.207	306.9767441860465
2	14612806	224.759	309.3023255813954
2	14623153	50.8769	311.6279069767442
2	14668863	53.0676	313.953488372093
2	14712686	73.7157	316.27906976744185
2	14744234	19.8318	318.6046511627907
2	14861499	22.5146	320.93023255813955
2	14964791	84.5912	323.25581395348837
2	14992283	13.7762	325.5813953488372
2	15161094	13.9489	327.90697674418607
2	15327815	63.8107	330.2325581395349
2	15364260	74.997	332.5581395348837
2	15395269	48.3992	334.8837209302326
2	15443319	48.8855	337.2093023255814
2	15490891	14.8865	339.5348837209302
2	15647112	15.8362	341.86046511627904
2	15793964	303.442	344.1860465116279
2	15801628	232.21	346.51162790697674
2	15811643	16.5729	348.83720930232556
2	15951967	0	351.16279069767444
3	735849	2.87009	0.0
3	1546132	16.4437	2.3255813953488373
3	1687559	11.2534	4.651162790697675
3	1894214	15.8144	6.976744186046512
3	2041269	113.687	9.30232558139535
3	2061725	126.542	11.627906976744185
3	2080103	62.5408	13.953488372093023
3	2117288	34.0859	16.27906976744186
3	2185515	45.8514	18.6046511627907
3	2236235	38.6765	20.930232558139537
3	2296364	23.6925	23.25581395348837
3	2394521	18.4245	25.581395348837212
3	2520743	22.5592	27.906976744186046
3	2623831	74.3282	30.23255813953488
3	2655119	74.0631	32.55813953488372
3	2686519	43.9843	34.883720930232556
3	2739392	57.8791	37.2093023255814
3	2779572	62.3831	39.53488372093023
3	2816851	27.2629	41.86046511627907
3	2902153	28.8659	44.18604651162791
3	2982718	116.465	46.51162790697674
3	3002686	17.3011	48.837209302325576
3	3137104	12.3167	51.162790697674424
3	3325919	36.1356	53.48837209302325
3	3390276	148.685	55.81395348837209
3	3405917	82.8051	58.139534883720934
3	3434002	127.053	60.46511627906976
3	3452306	6819.89	62.7906976744186
3	3452647	6819.89	65.11627906976744
3	3452988	59.5341	67.44186046511628
3	3492051	20.6683	69.76744186046511
3	3604570	24.9397	72.09302325581395
3	3697818	82.9084	74.4186046511628
3	3725868	56.3204	76.74418604651163
3	3767160	48.4951	79.06976744186046
3	3815115	37.8033	81.3953488372093
3	3876633	24.8128	83.72093023255815
3	3970358	28.1718	86.04651162790698
3	4052908	62.1481	88.37209302325581
3	4090328	209.191	90.69767441860465
3	4101445	36.0109	93.02325581395348
3	4166025	30.8032	95.34883720930233
3	4241523	77.2208	97.67441860465115
3	4271639	151.247	100.0
3	4287015	29.1109	102.32558139534885
3	4366902	11.0678	104.65116279069768
3	4577024	17.1589	106.9767441860465
3	4712556	254.663	109.30232558139534
3	4721688	93.6111	111.62790697674419
3	4746531	88.5464	113.95348837209302
3	4772795	18.7426	116.27906976744187
3	4896875	14.6874	118.6046511627907
3	5055213	32.8421	120.93023255813952
3	5126024	18.3432	123.25581395348837
3	5252806	11.4047	125.5813953488372
3	5456721	22.0175	127.90697674418605
3	5562345	70.0476	130.2325581395349
3	5595545	22.2344	132.5581395348837
3	5700139	29.5838	134.88372093023256
3	5778749	210.137	137.2093023255814
3	5789816	111.272	139.53488372093022
3	5810716	59.4839	141.86046511627907
3	5849812	53.1829	144.1860465116279
3	5893540	49.1147	146.51162790697674
3	5940890	62.1697	148.8372093023256
3	5978297	223.893	151.1627906976744
3	5988684	28.1957	153.48837209302326
3	6071164	15.5445	155.8139534883721
3	6220772	23.4044	158.13953488372093
3	6320137	15.3076	160.46511627906978
3	6472060	38.496	162.7906976744186
3	6592882	184.168	167.4418604651163
3	6618137	70.9863	172.09302325581396
3	6650898	57.8575	174.41860465116278
3	6691093	51.3702	176.74418604651163
3	6736364	22.274	179.06976744186048
3	6840772	10.8075	181.3953488372093
3	7055954	16.4961	183.72093023255815
3	7196932	57.6924	186.04651162790697
3	7237242	98.3166	188.37209302325581
3	7260896	120.973	190.69767441860466
3	7280120	106.595	193.0232558139535
3	7301937	27.5282	195.3488372093023
3	7386417	21.0525	197.67441860465115
3	7496883	157.442	200.0
3	7526425	29.987	204.6511627906977
3	7681531	10.0255	209.30232558139537
3	7913497	27.4878	211.6279069767442
3	7998101	148.467	213.953488372093
3	8013765	21.3014	216.27906976744185
3	8122940	11.8301	218.60465116279067
3	8319522	23.267	220.93023255813952
3	8419474	60.2092	223.25581395348837
3	8458099	38.0221	225.58139534883722
3	8519263	57.6324	227.90697674418604
3	8559615	112.958	230.2325581395349
3	8580203	50.0868	232.55813953488374
3	8626634	23.2908	234.88372093023258
3	8726484	26.3633	237.2093023255814
3	8814697	51.1117	239.53488372093022
3	8860197	15.1416	241.86046511627904
3	9013786	16.381	244.1860465116279
3	9155754	100.215	246.51162790697674
3	9178960	102.237	248.8372093023256
3	9201707	112.986	251.1627906976744
3	9222290	25.2992	253.48837209302326
3	9314213	27.3582	255.8139534883721
3	9399218	225.544	258.13953488372096
3	9409529	196.152	260.4651162790698
3	9421385	68.279	262.7906976744186
3	9455445	36.5721	265.1162790697674
3	9519034	49.6336	267.4418604651163
3	9565889	49.7078	269.7674418604651
3	9612674	27.0715	272.09302325581393
3	9698579	18.7835	274.4186046511628
3	9822389	17.7478	276.74418604651163
3	9953424	38.7145	279.06976744186045
3	10013494	29.4147	281.3953488372093
3	10092556	15.3319	283.72093023255815
3	10244239	26.4124	286.046511627907
3	10332288	191.769	288.3720930232558
3	10344415	242.83	290.6976744186046
3	10353992	72.7449	293.0232558139535
3	10385961	49.0846	295.3488372093023
3	10433340	76.8635	297.6744186046512
3	10463596	41.8993	300.0
3	10519100	16.9307	302.3255813953488
3	10656459	16.1619	304.6511627906977
3	10800352	31.0367	306.9767441860465
3	10875282	58.0641	309.3023255813954
3	10915334	65.7873	311.6279069767442
3	10950684	128.287	313.953488372093
3	10968812	58.0061	316.27906976744185
3	11008904	18.9727	318.6046511627907
3	11131479	20.9864	320.93023255813955
3	11242293	48.1049	323.25581395348837
3	11290637	28.9518	325.5813953488372
3	11370963	32.4435	327.90697674418607
3	11442644	81.226	330.2325581395349
3	11471275	53.9315	332.5581395348837
3	11514396	76.7443	334.8837209302326
3	11544699	306.481	337.2093023255814
3	11552287	205.458	339.5348837209302
3	11563606	85.3049	341.86046511627904
3	11590868	10.7213	344.1860465116279
3	11807781	11.1631	346.51162790697674
3	12016109	91.5691	348.83720930232556
3	12041506	65.598	351.16279069767444
3	12076958	47.2199	353.48837209302326
3	12126208	14.6151	355.8139534883721
3	12285330	13.1988	358.13953488372096
3	12461527	24.1265	360.4651162790698
3	12557918	21.2287	362.7906976744186
3	12667467	29.1876	365.1162790697674
3	12747144	33.0883	367.4418604651163
3	12817428	35.3212	369.7674418604651
3	12883269	123.524	372.09302325581393
3	12902096	76.9143	374.4186046511628
3	12932332	76.6835	376.74418604651163
3	12962659	23.5581	379.06976744186045
3	13061376	14.899	381.3953488372093
3	13217466	21.252	383.72093023255815
3	13326895	24.1053	386.046511627907
3	13423371	19.3219	388.3720930232558
3	13543731	0	390.6976744186046
4	113713	1.85201	0.0
4	1369421	1.93747	2.3255813953488373
4	2569742	12.7002	4.651162790697675
4	2752856	16.909	6.976744186046512
4	2890391	42.5876	9.30232558139535
4	2944998	22.815	11.627906976744185
4	3046930	38.7126	13.953488372093023
4	3107003	66.5955	16.27906976744186
4	3141924	55.0759	18.6046511627907
4	3184149	40.9621	20.930232558139537
4	3240923	45.6802	23.25581395348837
4	3291833	21.3211	25.581395348837212
4	3400907	20.072	27.906976744186046
4	3516769	143.616	30.23255813953488
4	3532962	61.4502	32.55813953488372
4	3570807	21.2051	34.883720930232556
4	3680478	26.0569	37.2093023255814
4	3769728	72.4593	39.53488372093023
4	3801823	84.8721	41.86046511627907
4	3829224	119.31	44.18604651162791
4	3848716	89.3664	46.51162790697674
4	3874739	107.691	48.837209302325576
4	3896334	102.156	51.162790697674424
4	3919099	22.1687	53.48837209302325
4	4024003	19.9186	55.81395348837209
4	4140757	24.7205	58.139534883720934
4	4234832	16.6301	60.46511627906976
4	4374674	9.89033	62.7906976744186
4	4609811	11.1883	65.11627906976744
4	4817670	23.6659	67.44186046511628
4	4915937	41.4498	69.76744186046511
4	4972043	353.324	72.09302325581395
4	4978625	22.5007	74.4186046511628
4	5081981	22.1027	76.74418604651163
4	5187198	160.33	79.06976744186046
4	5201703	63.0803	81.3953488372093
4	5238570	77.1081	83.72093023255815
4	5268730	6606.77	86.04651162790698
4	5269082	6606.77	88.37209302325581
4	5269434	83.841	90.69767441860465
4	5297172	6.83279	93.02325581395348
4	5637528	7.22771	95.34883720930233
4	5959287	36.3259	97.67441860465115
4	6023307	22.2242	100.0
4	6127949	45.7819	102.32558139534885
4	6178746	2242.61	104.65116279069768
4	6179783	1485.05	106.9767441860465
4	6181349	1484.1	109.30232558139534
4	6182916	25.3907	111.62790697674419
4	6274508	19.5815	113.95348837209302
4	6393272	67.3652	116.27906976744187
4	6427794	106.08	118.6046511627907
4	6449717	66.7407	120.93023255813952
4	6484562	26.0815	123.25581395348837
4	6573728	29.6392	125.5813953488372
4	6652191	140.239	127.90697674418605
4	6668774	27.3508	130.2325581395349
4	6753802	24.6098	132.5581395348837
4	6848300	128.131	134.88372093023256
4	6866450	38.7494	137.2093023255814
4	6926466	32.0403	139.53488372093022
4	6999049	29.1167	141.86046511627907
4	7078920	31.4191	144.1860465116279
4	7152938	215.272	146.51162790697674
4	7163741	89.1984	148.8372093023256
4	7189813	92.274	151.1627906976744
4	7215016	201.366	153.48837209302326
4	7226565	9.89702	155.8139534883721
4	7461543	6.8358	158.13953488372093
4	7801749	19.1376	160.46511627906978
4	7923268	31.2978	162.7906976744186
4	7997573	33.401	165.11627906976744
4	8067199	135.935	167.4418604651163
4	8084307	28.0579	169.7674418604651
4	8167192	17.0456	172.09302325581396
4	8303625	24.2392	174.41860465116278
4	8399568	52.1688	176.74418604651163
4	8444146	23.2642	179.06976744186048
4	8544110	8.18743	181.3953488372093
4	8828153	9.43203	183.72093023255815
4	9074715	31.9659	186.04651162790697
4	9147467	63.5266	188.37209302325581
4	9184075	72.2118	190.69767441860466
4	9216280	58.712	193.0232558139535
4	9255890	43.8218	195.3488372093023
4	9308959	13.8174	197.67441860465115
4	9477267	16.3758	200.0
4	9619280	63.8335	202.32558139534885
4	9655712	23.2041	204.6511627906977
4	9755935	31.1932	206.97674418604652
4	9830489	437.88	209.30232558139537
4	9835800	173.629	211.6279069767442
4	9849194	116.728	213.953488372093
4	9869117	115.499	216.27906976744185
4	9889252	27.6247	218.60465116279067
4	9973437	20.5811	220.93023255813952
4	10086433	47.762	223.25581395348837
4	10135124	8.31363	225.58139534883722
4	10414855	7.01946	227.90697674418604
4	10746160	35.6171	230.2325581395349
4	10811454	164.236	232.55813953488374
4	10825614	37.0705	234.88372093023258
4	10888348	24.3068	237.2093023255814
4	10984024	47.455	239.53488372093022
4	11033030	189.38	241.86046511627904
4	11045310	108.459	244.1860465116279
4	11066752	24.7755	246.51162790697674
4	11160618	21.4399	248.8372093023256
4	11269088	64.1487	251.1627906976744
4	11305341	239.924	253.48837209302326
4	11315034	244.464	255.8139534883721
4	11324547	134.233	258.13953488372096
4	11341872	68.7737	260.4651162790698
4	11375687	80.3893	262.7906976744186
4	11404616	219.747	265.1162790697674
4	11415199	22.2962	267.4418604651163
4	11519503	16.4095	269.7674418604651
4	11661225	29.2375	272.09302325581393
4	11740766	54.8176	274.4186046511628
4	11783190	126.123	276.74418604651163
4	11801629	52.3026	279.06976744186045
4	11846093	70.5577	281.3953488372093
4	11879053	15.5632	283.72093023255815
4	12028481	13.6833	286.046511627907
4	12198439	74.2167	288.3720930232558
4	12229774	58.6675	290.6976744186046
4	12269414	52.1302	293.0232558139535
4	12314025	7.83774	295.3488372093023
4	12610741	8.26306	297.6744186046512
4	12892184	322.549	300.0
4	12899394	35.333	302.3255813953488
4	12965213	31.4361	304.6511627906977
4	13039191	133.7	306.9767441860465
4	13056585	269.04	309.3023255813954
4	13065229	169.912	311.6279069767442
4	13078916	145.631	313.953488372093
4	13094885	25.0442	316.27906976744185
4	13187744	15.4585	318.6046511627907
4	13338184	0	320.93023255813955
5	550408	4.21044	0.0
5	1102745	92.2374	2.3255813953488373
5	1127958	21.4282	4.651162790697675
5	1236487	15.3034	6.976744186046512
5	1388452	9.16511	9.30232558139535
5	1642195	11.6976	11.627906976744185
5	1841004	42.281	13.953488372093023
5	1896007	14.3365	16.27906976744186
5	2058221	19.3074	18.6046511627907
5	2178671	132.218	20.930232558139537
5	2196260	24.5157	23.25581395348837
5	2291121	21.3045	25.581395348837212
5	2400280	40.521	27.906976744186046
5	2457672	28.7958	30.23255813953488
5	2538433	31.4667	32.55813953488372
5	2612339	50.6508	34.883720930232556
5	2658253	71.0752	37.2093023255814
5	2690973	41.3319	39.53488372093023
5	2747239	38.3981	41.86046511627907
5	2807804	18.4652	44.18604651162791
5	2933748	12.5588	46.51162790697674
5	3118924	16.6057	48.837209302325576
5	3258971	26.2105	51.162790697674424
5	3347698	54.6373	53.48837209302325
5	3390262	56.1857	55.81395348837209
5	3431653	79.301	58.139534883720934
5	3460979	7.14021	60.46511627906976
5	3786681	6.36163	62.7906976744186
5	4152245	42.8331	65.11627906976744
5	4206539	14.322	67.44186046511628
5	4368917	13.164	69.76744186046511
5	4545579	62.6622	72.09302325581395
5	4582692	79.1095	74.4186046511628
5	4612089	10.853	76.74418604651163
5	4826370	9.96893	79.06976744186046
5	5059653	18.5307	81.3953488372093
5	5185152	20.3584	83.72093023255815
5	5299384	57.7196	86.04651162790698
5	5339675	16.0826	88.37209302325581
5	5484277	15.164	90.69767441860465
5	5637639	19.0289	93.02325581395348
5	5759852	13.2268	95.34883720930233
5	5935675	18.4838	97.67441860465115
5	6061492	40.5493	100.0
5	6118844	48.0552	102.32558139534885
5	6167238	36.125	104.65116279069768
5	6231614	35.6646	106.9767441860465
5	6296821	40.6997	109.30232558139534
5	6353961	28.3846	111.62790697674419
5	6435892	11.7855	113.95348837209302
5	6633217	15.6725	116.27906976744187
5	6781603	68.293	118.6046511627907
5	6815656	78.8547	120.93023255813952
5	6845148	264.662	123.25581395348837
5	6853935	35.4693	125.5813953488372
5	6919501	12.6014	127.90697674418605
5	7104051	8.94448	130.2325581395349
5	7364053	15.505	132.5581395348837
5	7514042	46.6142	134.88372093023256
5	7563932	11.2968	137.2093023255814
5	7769794	10.1502	139.53488372093022
5	7998911	36.4328	141.86046511627907
5	8062743	147.534	144.1860465116279
5	8078506	79.2524	146.51162790697674
5	8107850	32.6663	148.8372093023256
5	8179042	23.7953	151.1627906976744
5	8276775	43.228	153.48837209302326
5	8330573	36.3622	155.8139534883721
5	8394529	22.8395	158.13953488372093
5	8496352	40.2447	160.46511627906978
5	8554138	26.3579	162.7906976744186
5	8642369	9.9366	165.11627906976744
5	8876411	11.911	167.4418604651163
5	9071657	17.469	169.7674418604651
5	9204783	24.2845	172.09302325581396
5	9300547	634.365	174.41860465116278
5	9304213	479.699	176.74418604651163
5	9309061	16.0337	179.06976744186048
5	9454104	15.1838	181.3953488372093
5	9607266	96.4731	183.72093023255815
5	9631372	146.254	186.04651162790697
5	9647273	156.975	188.37209302325581
5	9662088	36.0611	190.69767441860466
5	9726578	15.0824	193.0232558139535
5	9880770	22.1269	195.3488372093023
5	9985872	24.2233	197.67441860465115
5	10081878	19.8904	200.0
5	10198798	80.629	202.32558139534885
5	10227641	267.124	204.6511627906977
5	10236347	30.5881	206.97674418604652
5	10312376	14.8763	209.30232558139537
5	10468704	25.2402	211.6279069767442
5	10560842	147.338	213.953488372093
5	10576626	53.217	216.27906976744185
5	10620326	42.5028	218.60465116279067
5	10675042	29.8899	220.93023255813952
5	10752847	12.8146	223.25581395348837
5	10934326	14.4306	225.58139534883722
5	11095482	35.5942	227.90697674418604
5	11160818	77.19	230.2325581395349
5	11190946	293.486	232.55813953488374
5	11198870	43.2771	234.88372093023258
5	11252607	15.1801	237.2093023255814
5	11405806	22.0013	239.53488372093022
5	11511508	153.039	241.86046511627904
5	11526704	91.5439	244.1860465116279
5	11552108	98.3416	246.51162790697674
5	11575756	14.5646	248.8372093023256
5	11735430	8.27394	251.1627906976744
5	12016503	11.4533	253.48837209302326
5	12219552	16.865	255.8139534883721
5	12357446	31.7568	258.13953488372096
5	12430677	98.6796	260.4651162790698
5	12454244	13.2157	262.7906976744186
5	12630215	8.96485	265.1162790697674
5	12889626	22.8003	267.4418604651163
5	12991624	8.68172	269.7674418604651
5	13259495	8.64487	272.09302325581393
5	13528508	176.837	274.4186046511628
5	13541659	109.64	276.74418604651163
5	13562870	31.9242	279.06976744186045
5	13635717	24.594	281.3953488372093
5	13730276	68.2649	283.72093023255815
5	13764343	34.4265	286.046511627907
5	13831895	0	288.3720930232558
6	867754	2.46221	0.0
6	1812265	28.7346	2.3255813953488373
6	1893198	31.2969	4.651162790697675
6	1967505	32.4028	6.976744186046512
6	2039276	434.039	9.30232558139535
6	2044634	46.1251	11.627906976744185
6	2095053	11.4397	13.953488372093023
6	2298343	13.0667	16.27906976744186
6	2476321	12.4476	18.6046511627907
6	2663151	9.28583	20.930232558139537
6	2913595	23.926	23.25581395348837
6	3010794	100.705	25.581395348837212
6	3033887	36.3355	27.906976744186046
6	3097890	8.38994	30.23255813953488
6	3375077	5.79347	32.55813953488372
6	3776491	12.5323	34.883720930232556
6	3962058	129.95	37.2093023255814
6	3979954	131.048	39.53488372093023
6	3997700	197.669	41.86046511627907
6	4009465	239.134	44.18604651162791
6	4019190	14.6472	46.51162790697674
6	4177963	11.1765	48.837209302325576
6	4386041	7.33358	51.162790697674424
6	4703155	7.92027	53.48837209302325
6	4996779	38.4025	55.81395348837209
6	5057337	69.8709	58.139534883720934
6	5090621	142.429	60.46511627906976
6	5106949	7.22769	62.7906976744186
6	5428709	7.16481	65.11627906976744
6	5753293	31.2763	67.44186046511628
6	5827649	15.9396	69.76744186046511
6	5973549	10.5361	72.09302325581395
6	6194274	9.61501	74.4186046511628
6	6436144	13.4381	76.74418604651163
6	6609203	29.3641	79.06976744186046
6	6688401	115.042	81.3953488372093
6	6708616	132.248	83.72093023255815
6	6726201	190.934	86.04651162790698
6	6738381	34.7641	88.37209302325581
6	6805277	21.3678	90.69767441860465
6	6914113	37.8876	93.02325581395348
6	6975494	16.9086	95.34883720930233
6	7113032	17.1709	97.67441860465115
6	7248469	132.12	100.0
6	7266071	351.668	102.32558139534885
6	7272684	17.0241	104.65116279069768
6	7409289	8.39569	106.9767441860465
6	7686286	13.8954	109.30232558139534
6	7853649	11.1861	111.62790697674419
6	8061548	10.8921	113.95348837209302
6	8275058	26.9445	116.27906976744187
6	8361368	14.9472	118.6046511627907
6	8516954	17.5546	120.93023255813952
6	8649431	24.0933	123.25581395348837
6	8745955	9.37134	125.5813953488372
6	8994114	8.88142	127.90697674418605
6	9255962	27.7512	130.2325581395349
6	9339763	117.632	132.5581395348837
6	9359533	25.6658	134.88372093023256
6	9450143	23.518	137.2093023255814
6	9549028	77.7969	139.53488372093022
6	9578921	48.3318	141.86046511627907
6	9627038	59.667	144.1860465116279
6	9666014	53.6937	146.51162790697674
6	9709326	33.8942	148.8372093023256
6	9777939	24.9048	151.1627906976744
6	9871318	13.8117	153.48837209302326
6	10039696	21.5318	155.8139534883721
6	10147703	227.753	158.13953488372093
6	10157914	8.67117	160.46511627906978
6	10426111	6.80984	162.7906976744186
6	10767614	26.8813	165.11627906976744
6	10854127	30.7824	167.4418604651163
6	10929676	25.2137	169.7674418604651
6	11021911	16.5169	172.09302325581396
6	11162711	19.1995	174.41860465116278
6	11283838	54.6707	176.74418604651163
6	11326376	56.1667	179.06976744186048
6	11367781	31.7308	181.3953488372093
6	11441072	14.2494	183.72093023255815
6	11604277	16.4324	186.04651162790697
6	11745801	24.344	188.37209302325581
6	11841331	19.7021	190.69767441860466
6	11959368	26.8493	193.0232558139535
6	12045984	134.957	195.3488372093023
6	12063216	24.7555	197.67441860465115
6	12157158	15.1358	200.0
6	12310806	6.72508	202.32558139534885
6	12656613	4.06732	204.6511627906977
6	13228386	7.7522	206.97674418604652
6	13528376	111.453	209.30232558139537
6	13549242	194.43	211.6279069767442
6	13561203	77.0035	213.953488372093
6	13591404	62.7399	216.27906976744185
6	13628471	146.208	218.60465116279067
6	13644377	57.6781	220.93023255813952
6	13684697	42.1606	223.25581395348837
6	13739857	94.9256	225.58139534883722
6	13764356	118.968	227.90697674418604
6	13783904	18.7335	230.2325581395349
6	13908044	18.068	232.55813953488374
6	14036757	123.57	234.88372093023258
6	14055577	41.5884	237.2093023255814
6	14111496	23.5309	239.53488372093022
6	14210327	12.3029	241.86046511627904
6	14399354	15.8004	244.1860465116279
6	14546539	55.9922	246.51162790697674
6	14588073	51.1983	248.8372093023256
6	14633496	29.3327	251.1627906976744
6	14712779	30.6647	253.48837209302326
6	14788618	470.575	255.8139534883721
6	14793560	265.054	258.13953488372096
6	14802334	22.2165	260.4651162790698
6	14907012	15.7096	262.7906976744186
6	15055048	36.3304	265.1162790697674
6	15119060	137.267	267.4418604651163
6	15136002	386.952	269.7674418604651
6	15142012	61.1786	272.09302325581393
6	15180025	63.9898	274.4186046511628
6	15216368	255.362	276.74418604651163
6	15225475	75.4006	279.06976744186045
6	15256318	85.6126	281.3953488372093
6	15283482	34.9748	283.72093023255815
6	15349975	15.2326	286.046511627907
6	15502646	5.97558	288.3720930232558
6	15891827	7.76099	290.6976744186046
6	16191477	10.228	293.0232558139535
6	16418850	9.81631	295.3488372093023
6	16655760	52.3261	297.6744186046512
6	16700204	10.9366	300.0
6	16912847	12.5099	302.3255813953488
6	17098747	144.142	304.6511627906977
6	17114881	179.015	306.9767441860465
6	17127872	414.69	309.3023255813954
6	17133480	286.649	311.6279069767442
6	17141593	169.281	313.953488372093
6	17155331	85.5559	316.27906976744185
6	17182513	110.869	318.6046511627907
6	17203489	68.9143	320.93023255813955
6	17237235	60.1781	323.25581395348837
6	17275880	179.401	325.5813953488372
6	17288843	104.02	327.90697674418607
6	17311200	132.376	330.2325581395349
6	17328768	213.395	332.5581395348837
6	17339666	128.963	334.8837209302326
6	17357699	161.074	337.2093023255814
6	17372137	115.282	339.5348837209302
6	17392310	49.2145	341.86046511627904
6	17439564	74.471	344.1860465116279
6	17470792	117.471	346.51162790697674
6	17490589	27.5925	348.83720930232556
6	17574872	34.4536	351.16279069767444
6	17642371	264.271	353.48837209302326
6	17651171	78.9349	355.8139534883721
6	17680633	35.2009	358.13953488372096
6	17746699	0	360.4651162790698
7	30283	74.8642	0.0
7	61347	48.7932	2.3255813953488373
7	109009	26.0955	4.651162790697675
7	198127	24.0303	6.976744186046512
7	294904	13.0679	9.30232558139535
7	472866	13.0033	11.627906976744185
7	651712	20.592	13.953488372093023
7	764648	18.421	16.27906976744186
7	890894	25.0628	18.6046511627907
7	983684	31.8172	20.930232558139537
7	1056776	27.0146	23.25581395348837
7	1142862	59.9995	25.581395348837212
7	1181622	245.263	27.906976744186046
7	1191104	14.4453	30.23255813953488
7	1352096	7.07767	32.55813953488372
7	1680676	11.5923	34.883720930232556
7	1881291	59.4474	37.2093023255814
7	1920411	35.9269	39.53488372093023
7	1985142	44.6206	41.86046511627907
7	2037261	158.085	44.18604651162791
7	2051972	90.8395	46.51162790697674
7	2077573	64.8843	48.837209302325576
7	2113415	14.8599	51.162790697674424
7	2269915	13.0171	53.48837209302325
7	2448571	29.6952	55.81395348837209
7	2526886	23.7709	58.139534883720934
7	2624719	21.4369	60.46511627906976
7	2733204	38.0887	62.7906976744186
7	2794261	90.9496	65.11627906976744
7	2819831	127.807	67.44186046511628
7	2838027	147.853	69.76744186046511
7	2853756	330.151	72.09302325581395
7	2860800	73.592	74.4186046511628
7	2892401	44.2572	76.74418604651163
7	2944948	46.0894	79.06976744186046
7	2995406	41.9318	81.3953488372093
7	3050867	39.4762	83.72093023255815
7	3109778	67.5119	86.04651162790698
7	3144225	399.241	88.37209302325581
7	3150050	146.373	90.69767441860465
7	3165938	88.5362	93.02325581395348
7	3192205	59.9593	95.34883720930233
7	3230991	58.395	97.67441860465115
7	3270816	14.1659	100.0
7	3434984	14.6767	102.32558139534885
7	3593438	285.103	104.65116279069768
7	3601595	26.6698	106.9767441860465
7	3688794	26.0121	109.30232558139534
7	3778198	8.96423	111.62790697674419
7	4037627	1.15139	113.95348837209302
7	6057425	1.29948	116.27906976744187
7	7847045	36.1093	118.6046511627907
7	7911449	10.7855	120.93023255813952
7	8127071	10.5805	123.25581395348837
7	8346870	47.4337	125.5813953488372
7	8395898	61.4242	127.90697674418605
7	8433759	51.5902	130.2325581395349
7	8478837	77.1491	132.5581395348837
7	8508981	5.33389	134.88372093023256
7	8944982	5.3423	137.2093023255814
7	9380297	36.9445	139.53488372093022
7	9443245	12.1006	141.86046511627907
7	9635433	14.513	144.1860465116279
7	9795674	65.6925	146.51162790697674
7	9831075	42.9812	148.8372093023256
7	9885182	56.4229	151.1627906976744
7	9926399	59.9856	153.48837209302326
7	9965168	61.3011	155.8139534883721
7	10003105	28.7645	158.13953488372093
7	10083954	26.7465	160.46511627906978
7	10170903	26.0771	162.7906976744186
7	10260084	27.1518	165.11627906976744
7	10345735	71.9482	167.4418604651163
7	10378058	52.2075	169.7674418604651
7	10422603	16.0786	172.09302325581396
7	10567241	16.824	174.41860465116278
7	10705471	128.047	176.74418604651163
7	10723633	61.662	179.06976744186048
7	10761348	46.3975	181.3953488372093
7	10811471	97.5005	183.72093023255815
7	10835323	83.9348	186.04651162790697
7	10863030	76.3287	188.37209302325581
7	10893498	13.6635	190.69767441860466
7	11063702	13.5302	193.0232558139535
7	11235583	119.438	195.3488372093023
7	11255054	43.3473	197.67441860465115
7	11308704	29.8538	200.0
7	11386603	25.3061	202.32558139534885
7	11478501	27.4616	204.6511627906977
7	11563186	24.4865	206.97674418604652
7	11658160	30.5439	209.30232558139537
7	11734299	366.291	211.6279069767442
7	11740648	40.5358	213.953488372093
7	11798019	35.5735	216.27906976744185
7	11863393	110.374	218.60465116279067
7	11884463	34.0635	220.93023255813952
7	11952735	17.2975	223.25581395348837
7	12087181	7.65339	225.58139534883722
7	12391044	7.50178	227.90697674418604
7	12701048	25.9711	230.2325581395349
7	12790593	261.096	232.55813953488374
7	12799500	65.0949	234.88372093023258
7	12835226	54.2726	237.2093023255814
7	12878076	74.4496	239.53488372093022
7	12909313	86.5558	241.86046511627904
7	12936181	39.5527	244.1860465116279
7	12994978	36.9163	246.51162790697674
7	13057974	27.2642	248.8372093023256
7	13143272	29.3768	251.1627906976744
7	13222436	9.95936	253.48837209302326
7	13455943	6.93185	255.8139534883721
7	13791435	21.5719	258.13953488372096
7	13899241	64.0797	260.4651162790698
7	13935533	40.1087	262.7906976744186
7	13993515	20.4594	265.1162790697674
7	14107183	0	267.4418604651163
8	225658	8.50677	0.0
8	499038	21.7827	2.3255813953488373
8	605801	27.4531	4.651162790697675
8	690512	57.2197	6.976744186046512
8	731155	52.5769	9.30232558139535
8	775387	46.6301	11.627906976744185
8	825260	54.0858	13.953488372093023
8	868258	55.772	16.27906976744186
8	909956	53.4604	18.6046511627907
8	953457	34.5252	20.930232558139537
8	1020816	28.6151	23.25581395348837
8	1102087	52.1559	25.581395348837212
8	1146676	31.7403	27.906976744186046
8	1219945	19.0928	30.23255813953488
8	1341749	3.78844	32.55813953488372
8	1955611	3.56413	34.883720930232556
8	2608108	22.1746	37.2093023255814
8	2712984	22.1676	39.53488372093023
8	2817893	15.9973	41.86046511627907
8	2963266	31.7031	44.18604651162791
8	3036621	84.9652	46.51162790697674
8	3063992	143.847	48.837209302325576
8	3080159	198.006	51.162790697674424
8	3091904	192.579	53.48837209302325
8	3103980	79.3389	55.81395348837209
8	3133292	108.267	58.139534883720934
8	3154772	137.381	60.46511627906976
8	3171700	30.0871	62.7906976744186
8	3248995	28.1316	65.11627906976744
8	3331663	70.1427	67.44186046511628
8	3364818	131.657	69.76744186046511
8	3382482	19.0731	72.09302325581395
8	3504412	19.3884	74.4186046511628
8	3624359	220.79	76.74418604651163
8	3634892	106.869	79.06976744186046
8	3656653	14.1935	81.3953488372093
8	3820501	8.7843	83.72093023255815
8	4085244	10.6992	86.04651162790698
8	4302604	15.7878	88.37209302325581
8	4449906	52.6817	90.69767441860465
8	4494050	21.1332	93.02325581395348
8	4604094	16.89	95.34883720930233
8	4741784	21.8963	97.67441860465115
8	4847993	26.9342	100.0
8	4934336	11.7202	102.32558139534885
8	5132761	11.198	104.65116279069768
8	5340439	28.0545	106.9767441860465
8	5423334	24.8529	109.30232558139534
8	5516908	27.5647	111.62790697674419
8	5601276	39.744	113.95348837209302
8	5659790	208.966	116.27906976744187
8	5670919	56.9507	118.6046511627907
8	5711754	70.562	120.93023255813952
8	5744712	162.299	123.25581395348837
8	5759041	17.2521	125.5813953488372
8	5893841	18.7497	127.90697674418605
8	6017874	208.329	130.2325581395349
8	6029037	126.143	132.5581395348837
8	6047473	198.547	134.88372093023256
8	6059186	445.514	137.2093023255814
8	6064406	178.397	139.53488372093022
8	6077442	6.47628	141.86046511627907
8	6436534	4.4022	144.1860465116279
8	6964811	7.28888	146.51162790697674
8	7283870	16.356	148.8372093023256
8	7426055	92.5236	151.1627906976744
8	7451190	10.852	153.48837209302326
8	7665490	11.7741	155.8139534883721
8	7863006	48.2056	158.13953488372093
8	7911249	48.0979	160.46511627906978
8	7959600	91.1885	162.7906976744186
8	7985103	71.9771	165.11627906976744
8	8017413	107.298	167.4418604651163
8	8039087	46.9397	169.7674418604651
8	8088631	34.8924	172.09302325581396
8	8155281	26.1554	174.41860465116278
8	8244195	31.0367	176.74418604651163
8	8319125	119.9	179.06976744186048
8	8338521	97.3006	181.3953488372093
8	8362422	101.147	183.72093023255815
8	8385414	311.907	186.04651162790697
8	8392870	6.66593	188.37209302325581
8	8741746	4.11393	190.69767441860466
8	9307041	9.32729	193.0232558139535
8	9556372	62.7264	195.3488372093023
8	9593447	63.3259	197.67441860465115
8	9630171	20.981	200.0
8	9741013	23.5779	202.32558139534885
8	9839647	31.883	204.6511627906977
8	9912588	42.6399	206.97674418604652
8	9967128	28.2935	209.30232558139537
8	10049323	14.1933	211.6279069767442
8	10213174	15.9661	213.953488372093
8	10358831	21.109	216.27906976744185
8	10469001	24.4623	218.60465116279067
8	10564069	18.6855	220.93023255813952
8	10688528	28.6028	223.25581395348837
8	10769834	107.412	225.58139534883722
8	10791485	14.1253	227.90697674418604
8	10956125	14.4706	230.2325581395349
8	11116836	15.3995	232.55813953488374
8	11267853	13.7416	234.88372093023258
8	11437089	43.1662	237.2093023255814
8	11490964	24.2127	239.53488372093022
8	11587012	5.09639	241.86046511627904
8	12043331	5.83075	244.1860465116279
8	12442179	94.2027	246.51162790697674
8	12466866	55.1425	248.8372093023256
8	12509040	45.845	251.1627906976744
8	12559767	35.1079	253.48837209302326
8	12626008	33.1336	255.8139534883721
8	12696196	0	258.13953488372096
9	1269239	1.53035	0.0
9	2788878	7.90433	2.3255813953488373
9	3083094	16.2262	4.651162790697675
9	3226417	16.0511	6.976744186046512
9	3371303	26.9489	9.30232558139535
9	3457599	45.356	11.627906976744185
9	3508873	29.7983	13.953488372093023
9	3586917	30.2546	16.27906976744186
9	3663784	45.2254	18.6046511627907
9	3715206	9.23763	20.930232558139537
9	3966957	8.03215	23.25581395348837
9	4256491	25.2339	25.581395348837212
9	4348652	77.249	27.906976744186046
9	4378757	90.5777	30.23255813953488
9	4404432	20.1921	32.55813953488372
9	4519605	19.7416	34.883720930232556
9	4637406	31.6906	37.2093023255814
9	4710790	22.3807	39.53488372093023
9	4814700	12.4444	41.86046511627907
9	5001578	10.914	44.18604651162791
9	5214660	29.0789	46.51162790697674
9	5294635	23.0548	48.837209302325576
9	5395507	10.6525	51.162790697674424
9	5613821	10.702	53.48837209302325
9	5831125	23.9073	55.81395348837209
9	5928400	177.688	58.139534883720934
9	5941488	45.3294	60.46511627906976
9	5992792	47.0328	62.7906976744186
9	6042238	5.55551	65.11627906976744
9	6460846	5.01865	67.44186046511628
9	6924234	9.65825	69.76744186046511
9	7165021	7.60819	72.09302325581395
9	7470689	18.3852	74.4186046511628
9	7597181	84.3244	76.74418604651163
9	7624760	26.4268	79.06976744186046
9	7712761	14.1026	81.3953488372093
9	7877666	25.1365	83.72093023255815
9	7970184	55.531	86.04651162790698
9	8012063	52.9058	88.37209302325581
9	8056020	28.2708	90.69767441860465
9	8138281	27.1629	93.02325581395348
9	8223897	53.3341	95.34883720930233
9	8267501	30.1878	97.67441860465115
9	8344538	14.977	100.0
9	8499815	15.8886	102.32558139534885
9	8646183	36.2534	104.65116279069768
9	8710331	35.3158	106.9767441860465
9	8776182	43.159	109.30232558139534
9	8830066	67.373	111.62790697674419
9	8864584	130.416	113.95348837209302
9	8882416	161.903	116.27906976744187
9	8896780	14.9815	118.6046511627907
9	9052010	10.9316	120.93023255813952
9	9264750	31.3374	123.25581395348837
9	9338961	106.38	125.5813953488372
9	9360822	74.3258	127.90697674418605
9	9392111	45.2017	130.2325581395349
9	9443560	26.348	132.5581395348837
9	9531824	30.9142	134.88372093023256
9	9607051	43.5559	137.2093023255814
9	9660444	21.9689	139.53488372093022
9	9766302	19.3925	141.86046511627907
9	9886224	37.0528	144.1860465116279
9	9948988	47.8643	146.51162790697674
9	9997575	33.0658	148.8372093023256
9	10067907	17.3751	151.1627906976744
9	10201753	18.985	153.48837209302326
9	10324249	27.4739	155.8139534883721
9	10408896	40.8721	158.13953488372093
9	10465795	59.8128	160.46511627906978
9	10504676	30.9549	162.7906976744186
9	10579804	25.6071	165.11627906976744
9	10670622	33.9041	167.4418604651163
9	10739215	135.848	169.7674418604651
9	10756334	41.6293	172.09302325581396
9	10812198	36.1564	174.41860465116278
9	10876518	14.5481	176.74418604651163
9	11036373	13.7447	179.06976744186048
9	11205571	52.983	181.3953488372093
9	11249464	37.53	183.72093023255815
9	11311430	62.4133	186.04651162790697
9	11348691	25.7411	188.37209302325581
9	11439036	16.2142	190.69767441860466
9	11582465	42.1981	193.0232558139535
9	11637576	139.49	195.3488372093023
9	11654248	139.675	197.67441860465115
9	11670898	25.9908	200.0
9	11760375	22.934	202.32558139534885
9	11861778	25.4496	204.6511627906977
9	11953158	20.8505	206.97674418604652
9	12064694	68.6823	209.30232558139537
9	12098554	569.577	211.6279069767442
9	12102637	455.371	213.953488372093
9	12107744	47.2276	216.27906976744185
9	12156986	38.6085	218.60465116279067
9	12217221	30.8973	220.93023255813952
9	12292489	0	223.25581395348837
10	289093	7.24248	0.0
10	610196	4.0826	2.3255813953488373
10	1179828	4.30434	4.651162790697675
10	1720115	46.6694	6.976744186046512
10	1769946	41.8383	9.30232558139535
10	1825531	223.313	11.627906976744185
10	1835945	89.9714	13.953488372093023
10	1861793	62.2029	16.27906976744186
10	1899180	32.5233	18.6046511627907
10	1970685	15.8034	20.930232558139537
10	2117842	12.831	23.25581395348837
10	2299089	25.261	25.581395348837212
10	2391151	154.616	27.906976744186046
10	2406192	16.3021	30.23255813953488
10	2548847	13.2739	32.55813953488372
10	2724046	18.1787	34.883720930232556
10	2851975	8.95305	37.2093023255814
10	3111728	11.2117	39.53488372093023
10	3319153	39.3326	41.86046511627907
10	3378279	49.8367	44.18604651162791
10	3424943	16.5221	46.51162790697674
10	3565699	18.0893	48.837209302325576
10	3694260	20.5018	51.162790697674424
10	3807693	17.3064	53.48837209302325
10	3942070	68.7147	55.81395348837209
10	3975914	147.59	58.139534883720934
10	3991671	18.5003	60.46511627906976
10	4117376	18.2855	62.7906976744186
10	4244558	45.6776	65.11627906976744
10	4295471	23.8026	67.44186046511628
10	4393174	41.713	69.76744186046511
10	4448926	390.395	72.09302325581395
10	4454883	5.48521	74.4186046511628
10	4878856	5.16996	76.74418604651163
10	5328682	5.88595	79.06976744186046
10	5723789	6.32089	81.3953488372093
10	6091709	340.695	83.72093023255815
10	6098535	70.8004	86.04651162790698
10	6131382	75.0842	88.37209302325581
10	6162355	138.642	90.69767441860465
10	6179129	79.6514	93.02325581395348
10	6208326	150.513	95.34883720930233
10	6223777	806.653	97.67441860465115
10	6226660	294.75	100.0
10	6234550	343.513	102.32558139534885
10	6241320	513.827	104.65116279069768
10	6245846	87.3556	106.9767441860465
10	6272468	41.836	109.30232558139534
10	6328056	17.9047	111.62790697674419
10	6457943	18.0538	113.95348837209302
10	6586757	49.4247	116.27906976744187
10	6633810	122.787	118.6046511627907
10	6652750	136.751	120.93023255813952
10	6669756	69.4639	123.25581395348837
10	6703235	68.1969	125.5813953488372
10	6737336	138.452	127.90697674418605
10	6754133	31.8451	130.2325581395349
10	6827161	19.1911	132.5581395348837
10	6948341	17.9247	134.88372093023256
10	7078083	10.2251	137.2093023255814
10	7305521	13.3759	139.53488372093022
10	7479384	83.5939	141.86046511627907
10	7507204	39.3227	144.1860465116279
10	7566345	38.4909	146.51162790697674
10	7626764	265.356	148.8372093023256
10	7635528	34.988	151.1627906976744
10	7701996	29.5676	153.48837209302326
10	7780649	94.8675	155.8139534883721
10	7805163	99.939	158.13953488372093
10	7828433	74.6671	160.46511627906978
10	7859579	128.28	162.7906976744186
10	7877708	75.1424	165.11627906976744
10	7908657	11.4926	167.4418604651163
10	8111012	12.6804	169.7674418604651
10	8294411	138.419	172.09302325581396
10	8311212	129.537	174.41860465116278
10	8329165	33.2084	176.74418604651163
10	8399195	12.2976	179.06976744186048
10	8588303	10.3268	181.3953488372093
10	8813501	18.2794	183.72093023255815
10	8940725	66.877	186.04651162790697
10	8975499	48.6086	188.37209302325581
10	9023342	45.4721	190.69767441860466
10	9074485	131.189	193.0232558139535
10	9092212	139.977	195.3488372093023
10	9108826	156.911	197.67441860465115
10	9123647	240.918	200.0
10	9133300	442.546	202.32558139534885
10	9138555	42.7473	204.6511627906977
10	9192958	29.0306	206.97674418604652
10	9273066	69.7451	209.30232558139537
10	9306410	35.5094	211.6279069767442
10	9371902	16.492	213.953488372093
10	9512915	26.5287	216.27906976744185
10	9600578	204.483	218.60465116279067
10	9611951	128.805	220.93023255813952
10	9630006	132.693	223.25581395348837
10	9647532	177.201	225.58139534883722
10	9660656	111.565	227.90697674418604
10	9681501	151.336	230.2325581395349
10	9696868	303.64	232.55813953488374
10	9704527	209.531	234.88372093023258
10	9715626	184.819	237.2093023255814
10	9728209	89.9575	239.53488372093022
10	9754061	73.8069	241.86046511627904
10	9785570	13.2573	244.1860465116279
10	9960989	13.6178	246.51162790697674
10	10131764	608.791	248.8372093023256
10	10135584	547.84	251.1627906976744
10	10139829	128.167	253.48837209302326
10	10157974	75.0405	255.8139534883721
10	10188965	25.1265	258.13953488372096
10	10281520	15.546	260.4651162790698
10	10431114	15.5074	262.7906976744186
10	10581080	13.5314	265.1162790697674
10	10752945	20.3161	267.4418604651163
10	10867415	57.3453	269.7674418604651
10	10907969	35.7062	272.09302325581393
10	10973100	34.8935	274.4186046511628
10	11039748	80.4171	276.74418604651163
10	11068667	37.2325	279.06976744186045
10	11131128	10.4376	281.3953488372093
10	11353935	11.5209	283.72093023255815
10	11555793	38.1324	286.046511627907
10	11616780	55.0056	288.3720930232558
10	11659059	47.0975	290.6976744186046
10	11708437	39.088	293.0232558139535
10	11767933	18.7604	295.3488372093023
10	11891895	13.6356	297.6744186046512
10	12062447	26.6652	300.0
10	12149661	119.199	302.3255813953488
10	12169171	90.8821	304.6511627906977
10	12194760	120.546	306.9767441860465
10	12214052	31.8573	309.3023255813954
10	12287052	0	311.6279069767442
11	25349	59.0774	0.0
11	64714	24.8688	2.3255813953488373
11	158228	22.7744	4.651162790697675
11	260342	87.1331	6.976744186046512
11	287032	76.2711	9.30232558139535
11	317523	58.5966	11.627906976744185
11	357211	33.7702	13.953488372093023
11	426076	36.2054	16.27906976744186
11	490309	36.8783	18.6046511627907
11	553370	17.6814	20.930232558139537
11	684897	8.29217	23.25581395348837
11	965352	9.55162	25.581395348837212
11	1208827	36.7745	27.906976744186046
11	1272066	26.8593	30.23255813953488
11	1358650	26.166	32.55813953488372
11	1447528	65.8954	34.883720930232556
11	1482820	43.7444	37.2093023255814
11	1535983	26.5432	39.53488372093023
11	1623598	48.565	41.86046511627907
11	1671484	132.263	44.18604651162791
11	1689067	142.937	46.51162790697674
11	1705337	1031.76	48.837209302325576
11	1707591	252.424	51.162790697674424
11	1716804	148.561	53.48837209302325
11	1732458	248.539	55.81395348837209
11	1741815	48.5548	58.139534883720934
11	1789711	34.4883	60.46511627906976
11	1857142	32.9239	62.7906976744186
11	1927777	10.6742	65.11627906976744
11	2145647	10.7956	67.44186046511628
11	2361067	10.2195	69.76744186046511
11	2588631	9.91838	72.09302325581395
11	2823103	37.1718	74.4186046511628
11	2885666	30.9343	76.74418604651163
11	2960844	16.7933	79.06976744186046
11	3099327	9.31835	81.3953488372093
11	3348897	1.11858	83.72093023255815
11	5427936	1.22135	86.04651162790698
11	7332045	49.345	88.37209302325581
11	7379174	37.7634	90.69767441860465
11	7440757	28.7723	93.02325581395348
11	7521584	30.607	95.34883720930233
11	7597566	210.746	97.67441860465115
11	7608601	3134.21	100.0
11	7609343	3134.21	102.32558139534885
11	7610085	501.203	104.65116279069768
11	7614725	59.6471	106.9767441860465
11	7653714	36.4311	109.30232558139534
11	7717549	26.1172	111.62790697674419
11	7806593	31.9062	113.95348837209302
11	7879481	162.719	116.27906976744187
11	7893773	10.2248	118.6046511627907
11	8121218	9.46459	120.93023255813952
11	8366932	73.4155	123.25581395348837
11	8398609	5.53419	125.5813953488372
11	8818830	5.55091	127.90697674418605
11	9237785	16.4383	130.2325581395349
11	9379258	16.6043	132.5581395348837
11	9519317	62.7382	134.88372093023256
11	9556385	38.5228	137.2093023255814
11	9616754	38.9134	139.53488372093022
11	9676517	72.0597	141.86046511627907
11	9708790	97.7587	144.1860465116279
11	9732579	105.896	146.51162790697674
11	9754540	413.51	148.8372093023256
11	9760164	92.0548	151.1627906976744
11	9785427	13.5452	153.48837209302326
11	9957118	13.7801	155.8139534883721
11	10125882	92.4133	158.13953488372093
11	10151047	44.7847	160.46511627906978
11	10202975	34.0615	162.7906976744186
11	10271251	96.7581	165.11627906976744
11	10295286	233.024	167.4418604651163
11	10305266	125.87	169.7674418604651
11	10323742	57.5596	172.09302325581396
11	10364145	72.0039	174.41860465116278
11	10396443	37.5409	176.74418604651163
11	10458391	15.0782	179.06976744186048
11	10612626	13.9909	181.3953488372093
11	10778847	27.863	183.72093023255815
11	10862312	101.563	186.04651162790697
11	10885210	124.723	188.37209302325581
11	10903856	104.183	190.69767441860466
11	10926178	48.7952	193.0232558139535
11	10973838	18.244	195.3488372093023
11	11101309	22.1993	197.67441860465115
11	11206068	29.4952	200.0
11	11284914	26.131	202.32558139534885
11	11373911	29.9835	204.6511627906977
11	11451473	38.4432	206.97674418604652
11	11511967	265.75	209.30232558139537
11	11520718	207.975	211.6279069767442
11	11531900	251.986	213.953488372093
11	11541129	30.8069	216.27906976744185
11	11616618	14.3944	218.60465116279067
11	11778179	23.308	220.93023255813952
11	11877955	42.7732	223.25581395348837
11	11932325	51.5033	225.58139534883722
11	11977479	48.5832	227.90697674418604
11	12025347	39.9125	230.2325581395349
11	12083614	186.764	232.55813953488374
11	12096066	606.41	234.88372093023258
11	12099901	124.024	237.2093023255814
11	12118652	11.6216	239.53488372093022
11	12318760	11.7161	241.86046511627904
11	12517255	30.313	244.1860465116279
11	12593974	35.8046	246.51162790697674
11	12658926	230.873	248.8372093023256
11	12668999	43.4444	251.1627906976744
11	12722529	50.5924	253.48837209302326
11	12768496	72.6449	255.8139534883721
11	12800509	69.8541	258.13953488372096
11	12833801	26.3609	260.4651162790698
11	12922022	16.8129	262.7906976744186
11	13060343	32.9987	265.1162790697674
11	13130818	69.4162	267.4418604651163
11	13164320	151.179	269.7674418604651
11	13179703	80.5257	272.09302325581393
11	13208583	30.3067	274.4186046511628
11	13285318	47.7473	276.74418604651163
11	13334024	291.28	279.06976744186045
11	13342008	151.287	281.3953488372093
11	13357380	35.7512	283.72093023255815
11	13422429	10.6648	286.046511627907
11	13640490	11.6668	288.3720930232558
11	13839823	25.6166	290.6976744186046
11	13930607	32.1466	293.0232558139535
11	14002950	75.3322	295.3488372093023
11	14033821	31.9852	297.6744186046512
11	14106529	20.1008	300.0
11	14222225	28.0241	302.3255813953488
11	14305210	20.8913	304.6511627906977
11	14416528	13.7985	306.9767441860465
11	14585067	4.44038	309.3023255813954
11	15108802	4.36447	311.6279069767442
11	15641646	21.1108	313.953488372093
11	15751807	92.601	316.27906976744185
11	15776921	220.246	318.6046511627907
11	15787480	14.6	320.93023255813955
11	15946766	11.3679	323.25581395348837
11	16151340	32.4019	325.5813953488372
11	16223113	29.9183	327.90697674418607
11	16300844	0	330.2325581395349
12	52063	36.1508	0.0
12	116393	143.732	2.3255813953488373
12	132573	30.7259	4.651162790697675
12	208261	27.1354	6.976744186046512
12	293964	125.639	9.30232558139535
12	312474	102.008	11.627906976744185
12	335272	41.9682	13.953488372093023
12	390685	50.5979	16.27906976744186
12	436647	124.303	18.6046511627907
12	455356	47.1262	20.930232558139537
12	504704	39.9708	23.25581395348837
12	562886	36.7402	25.581395348837212
12	626184	36.6141	27.906976744186046
12	689700	100.609	30.23255813953488
12	712815	17.0182	32.55813953488372
12	849468	7.73907	34.883720930232556
12	1149967	4.47777	37.2093023255814
12	1669328	5.67304	39.53488372093023
12	2079264	27.1502	41.86046511627907
12	2164920	3.34192	44.18604651162791
12	2860801	2.49009	46.51162790697674
12	3794736	8.31197	48.837209302325576
12	4074523	47.0832	51.162790697674424
12	4123916	44.1563	53.48837209302325
12	4176583	111.144	55.81395348837209
12	4197507	247.113	58.139534883720934
12	4206918	43.8053	60.46511627906976
12	4260007	23.1685	62.7906976744186
12	4360384	17.0221	65.11627906976744
12	4497005	17.6517	67.44186046511628
12	4628753	25.1771	69.76744186046511
12	4721122	26.2371	72.09302325581395
12	4809759	34.5709	74.4186046511628
12	4877029	29.928	76.74418604651163
12	4954735	17.5938	79.06976744186046
12	5086917	29.2214	81.3953488372093
12	5166502	29.1814	83.72093023255815
12	5246196	22.6513	86.04651162790698
12	5348865	48.077	88.37209302325581
12	5397237	27.7774	90.69767441860465
12	5480959	22.7675	93.02325581395348
12	5583104	53.3586	95.34883720930233
12	5626688	104.596	97.67441860465115
12	5648922	20.6234	100.0
12	5761686	13.0552	102.32558139534885
12	5939821	22.79	104.65116279069768
12	6041865	34.0625	106.9767441860465
12	6110139	44.5693	109.30232558139534
12	6162318	130.139	111.62790697674419
12	6180188	105.901	113.95348837209302
12	6202148	43.103	116.27906976744187
12	6256102	27.1836	118.6046511627907
12	6341653	22.6824	120.93023255813952
12	6444181	16.1574	123.25581395348837
12	6588114	23.7595	125.5813953488372
12	6685994	111.245	127.90697674418605
12	6706899	41.3268	130.2325581395349
12	6763172	38.7126	132.5581395348837
12	6823245	113.598	134.88372093023256
12	6843717	32.364	137.2093023255814
12	6915574	30.3177	139.53488372093022
12	6992281	11.0738	141.86046511627907
12	7202288	10.3709	144.1860465116279
12	7426529	58.5022	146.51162790697674
12	7466281	37.6034	148.8372093023256
12	7528126	40.3537	151.1627906976744
12	7585756	11.0913	153.48837209302326
12	7795433	8.79905	155.8139534883721
12	8059732	31.7941	158.13953488372093
12	8132877	26.7007	160.46511627906978
12	8219975	17.6957	162.7906976744186
12	8351396	18.9707	165.11627906976744
12	8473984	13.4309	167.4418604651163
12	8647136	12.7882	169.7674418604651
12	8828990	16.2655	172.09302325581396
12	8971966	19.7285	174.41860465116278
12	9089845	15.9049	176.74418604651163
12	9236063	18.0803	179.06976744186048
12	9364688	51.2299	181.3953488372093
12	9410083	66.1936	183.72093023255815
12	9445216	56.375	186.04651162790697
12	9486468	54.8926	188.37209302325581
12	9528834	114.335	190.69767441860466
12	9549174	38.9525	193.0232558139535
12	9608877	30.7784	195.3488372093023
12	9684436	10.4021	197.67441860465115
12	9908005	10.2818	200.0
12	10134189	56.6165	202.32558139534885
12	10175265	64.7199	204.6511627906977
12	10211198	74.2191	206.97674418604652
12	10242532	111.871	209.30232558139537
12	10263320	58.2809	211.6279069767442
12	10303223	17.5196	213.953488372093
12	10435965	10.1847	216.27906976744185
12	10664305	16.9201	218.60465116279067
12	10801750	70.7229	220.93023255813952
12	10834633	85.8655	223.25581395348837
12	10861717	592.656	225.58139534883722
12	10865641	119.925	227.90697674418604
12	10885033	45.2052	230.2325581395349
12	10936478	36.0779	232.55813953488374
12	11000938	33.6987	234.88372093023258
12	11069949	50.4859	237.2093023255814
12	11116013	113.915	239.53488372093022
12	11136428	84.1748	241.86046511627904
12	11164056	83.9318	244.1860465116279
12	11191764	23.5927	246.51162790697674
12	11290336	15.0396	248.8372093023256
12	11444967	0	251.1627906976744
13	107049	16.1825	0.0
13	250759	36.2319	2.3255813953488373
13	314945	66.3012	4.651162790697675
13	350021	102.961	6.976744186046512
13	372608	2.46691	9.30232558139535
13	1315320	2.20661	11.627906976744185
13	2369234	17.4661	13.953488372093023
13	2502382	182.699	16.27906976744186
13	2515111	61.5559	18.6046511627907
13	2552891	58.5479	20.930232558139537
13	2592612	45.8026	23.25581395348837
13	2643386	42.9669	25.581395348837212
13	2697511	61.7258	27.906976744186046
13	2735187	74.7055	30.23255813953488
13	2766317	81.4593	32.55813953488372
13	2794866	61.8308	34.883720930232556
13	2832478	43.3861	37.2093023255814
13	2886080	37.0699	39.53488372093023
13	2948815	63.3432	41.86046511627907
13	2985529	37.6222	44.18604651162791
13	3047343	48.3821	46.51162790697674
13	3095410	323.897	48.837209302325576
13	3102590	116.928	51.162790697674424
13	3122479	31.9347	53.48837209302325
13	3195302	35.4299	55.81395348837209
13	3260941	50.31	58.139534883720934
13	3307166	32.7146	60.46511627906976
13	3378253	28.3107	62.7906976744186
13	3460398	44.8072	65.11627906976744
13	3512300	45.5104	67.44186046511628
13	3563400	44.6677	69.76744186046511
13	3615464	486.523	72.09302325581395
13	3620244	215.891	74.4186046511628
13	3631016	29.3386	76.74418604651163
13	3710283	11.3526	79.06976744186046
13	3915133	10.267	81.3953488372093
13	4141643	22.4001	83.72093023255815
13	4245463	98.5541	86.04651162790698
13	4269060	39.9351	88.37209302325581
13	4327294	50.7913	90.69767441860465
13	4373081	36.7815	93.02325581395348
13	4436308	18.2666	95.34883720930233
13	4563621	33.5282	97.67441860465115
13	4632983	49.8656	100.0
13	4679620	47.0023	102.32558139534885
13	4729098	43.7033	104.65116279069768
13	4782311	41.7594	106.9767441860465
13	4838001	15.9426	109.30232558139534
13	4983873	15.7772	111.62790697674419
13	5131274	123.688	113.95348837209302
13	5150076	96.7863	116.27906976744187
13	5174104	46.4949	118.6046511627907
13	5224122	27.623	120.93023255813952
13	5308312	19.6391	123.25581395348837
13	5426728	19.2237	125.5813953488372
13	5547703	42.9328	127.90697674418605
13	5601871	138.75	130.2325581395349
13	5618632	53.6244	132.5581395348837
13	5662000	19.6068	134.88372093023256
13	5780611	19.1299	137.2093023255814
13	5902179	7.77612	139.53488372093022
13	6201246	4.77352	141.86046511627907
13	6688430	10.0628	144.1860465116279
13	6919537	146.724	146.51162790697674
13	6935387	99.7975	148.8372093023256
13	6958690	23.375	151.1627906976744
13	7058180	5.35304	153.48837209302326
13	7492621	6.30369	155.8139534883721
13	7861545	3.49412	158.13953488372093
13	8527115	2.83139	160.46511627906978
13	9348472	9.44379	162.7906976744186
13	9594727	26.0829	165.11627906976744
13	9683888	93.5923	167.4418604651163
13	9708736	98.3	169.7674418604651
13	9732394	27.7642	172.09302325581396
13	9816156	28.4527	174.41860465116278
13	9897891	119.795	176.74418604651163
13	9917304	156.289	179.06976744186048
13	9932184	415.728	181.3953488372093
13	9937778	47.3777	183.72093023255815
13	9986864	18.1332	186.04651162790697
13	10115114	18.4012	188.37209302325581
13	10241496	16.8815	190.69767441860466
13	10379255	12.1127	193.0232558139535
13	10571250	13.4327	195.3488372093023
13	10744379	22.4172	197.67441860465115
13	10848120	20.2842	200.0
13	10962770	15.5924	202.32558139534885
13	11111918	19.8904	204.6511627906977
13	11228838	0	206.97674418604652
14	781573	2.54184	0.0
14	1696492	15.5046	2.3255813953488373
14	1846485	42.4942	4.651162790697675
14	1901212	30.8797	6.976744186046512
14	1976523	10.3809	9.30232558139535
14	2200547	9.05329	11.627906976744185
14	2457424	9.90942	13.953488372093023
14	2692108	11.0027	16.27906976744186
14	2903473	49.3953	18.6046511627907
14	2950554	147.394	20.930232558139537
14	2966332	44.9561	23.25581395348837
14	3018062	17.5259	25.581395348837212
14	3150756	10.3275	27.906976744186046
14	3375940	16.9971	30.23255813953488
14	3512762	48.4194	32.55813953488372
14	3560792	33.0488	34.883720930232556
14	3631160	76.1961	37.2093023255814
14	3661681	12.9748	39.53488372093023
14	3840920	9.29066	41.86046511627907
14	4091234	25.8746	44.18604651162791
14	4181113	101.033	46.51162790697674
14	4204131	28.5263	48.837209302325576
14	4285655	19.855	51.162790697674424
14	4402783	46.6647	53.48837209302325
14	4452619	82.7491	55.81395348837209
14	4480723	58.4861	58.139534883720934
14	4520486	20.3045	60.46511627906976
14	4635021	24.2359	62.7906976744186
14	4730977	51.557	65.11627906976744
14	4776084	32.6659	67.44186046511628
14	4847277	12.3776	69.76744186046511
14	5035164	10.649	72.09302325581395
14	5253548	7.89462	74.4186046511628
14	5548126	6.22381	76.74418604651163
14	5921785	14.931	79.06976744186046
14	6077540	7.48837	81.3953488372093
14	6388099	7.24406	83.72093023255815
14	6709132	84.3182	86.04651162790698
14	6736713	28.2831	88.37209302325581
14	6818938	27.953	90.69767441860465
14	6902134	165.699	93.02325581395348
14	6916169	45.7711	95.34883720930233
14	6966978	49.1697	97.67441860465115
14	7014275	16.5344	100.0
14	7154926	17.5627	102.32558139534885
14	7287342	214.953	104.65116279069768
14	7298161	125.389	106.9767441860465
14	7316708	89.6281	109.30232558139534
14	7342655	58.5568	111.62790697674419
14	7382370	55.1766	113.95348837209302
14	7424518	103.02	116.27906976744187
14	7447092	80.3921	118.6046511627907
14	7476020	12.9639	120.93023255813952
14	7655409	13.2394	123.25581395348837
14	7831065	32.4725	125.5813953488372
14	7902682	31.7278	127.90697674418605
14	7975980	12.7221	130.2325581395349
14	8158778	10.8549	132.5581395348837
14	8373021	22.7421	134.88372093023256
14	8475280	25.4273	137.2093023255814
14	8566740	36.1744	139.53488372093022
14	8631028	55.7159	141.86046511627907
14	8672768	75.2567	144.1860465116279
14	8703670	74.7295	146.51162790697674
14	8734790	22.2827	148.8372093023256
14	8839157	21.5807	151.1627906976744
14	8946919	78.1761	153.48837209302326
14	8976667	102.255	155.8139534883721
14	8999410	53.2743	158.13953488372093
14	9043063	40.7539	160.46511627906978
14	9100127	59.7621	162.7906976744186
14	9139041	93.6337	165.11627906976744
14	9163878	27.9363	167.4418604651163
14	9247124	33.5945	169.7674418604651
14	9316349	41.0206	172.09302325581396
14	9373042	27.1255	174.41860465116278
14	9458776	30.9422	176.74418604651163
14	9533935	34.9706	179.06976744186048
14	9600436	26.5574	181.3953488372093
14	9688004	10.4743	183.72093023255815
14	9910032	11.869	186.04651162790697
14	10105969	60.4502	188.37209302325581
14	10144440	1047.09	190.69767441860466
14	10146661	20.2953	193.0232558139535
14	10261248	19.8253	195.3488372093023
14	10378552	57.1691	197.67441860465115
14	10419231	16.1284	200.0
14	10563423	0	202.32558139534885
15	614564	3.60332	0.0
15	1259963	64.738	2.3255813953488373
15	1295886	60.6837	4.651162790697675
15	1334209	4.47953	6.976744186046512
15	1853367	3.02309	9.30232558139535
15	2622639	7.28723	11.627906976744185
15	2941770	45.6982	13.953488372093023
15	2992660	42.845	16.27906976744186
15	3046939	36.0645	18.6046511627907
15	3111423	20.1994	20.930232558139537
15	3226554	16.7537	23.25581395348837
15	3365364	13.3281	25.581395348837212
15	3539851	7.39468	27.906976744186046
15	3854345	11.2649	30.23255813953488
15	4060790	83.3482	32.55813953488372
15	4088692	52.7092	34.883720930232556
15	4132813	31.5971	37.2093023255814
15	4206414	43.4916	39.53488372093023
15	4259886	19.045	41.86046511627907
15	4381996	10.7955	44.18604651162791
15	4597417	16.7444	46.51162790697674
15	4736304	64.517	48.837209302325576
15	4772350	322.639	51.162790697674424
15	4779558	216.797	53.48837209302325
15	4790285	47.0565	55.81395348837209
15	4839706	23.1897	58.139534883720934
15	4939991	27.8556	60.46511627906976
15	5023478	70.7315	62.7906976744186
15	5056357	240.097	65.11627906976744
15	5066043	22.7929	67.44186046511628
15	5168074	8.16128	69.76744186046511
15	5453027	12.4835	72.09302325581395
15	5639319	186.419	74.4186046511628
15	5651794	11.1596	76.74418604651163
15	5860186	11.0433	79.06976744186046
15	6070774	20.0059	81.3953488372093
15	6187019	15.703	83.72093023255815
15	6335117	14.0575	86.04651162790698
15	6500551	18.4143	88.37209302325581
15	6626843	23.6248	90.69767441860465
15	6725281	22.8612	93.02325581395348
15	6827007	205.44	95.34883720930233
15	6838327	307.129	97.67441860465115
15	6845899	82.1383	100.0
15	6874212	50.285	102.32558139534885
15	6920460	90.5142	104.65116279069768
15	6946153	563.641	106.9767441860465
15	6950279	67.9538	109.30232558139534
15	6984502	56.0719	111.62790697674419
15	7025977	87.6156	113.95348837209302
15	7052520	72.2859	116.27906976744187
15	7084692	61.2624	118.6046511627907
15	7122653	23.9068	120.93023255813952
15	7219930	29.1693	123.25581395348837
15	7299657	107.175	125.5813953488372
15	7321356	75.1448	127.90697674418605
15	7352304	26.2277	130.2325581395349
15	7440973	18.5591	132.5581395348837
15	7566280	32.4838	134.88372093023256
15	7637872	56.5766	137.2093023255814
15	7678977	31.1761	139.53488372093022
15	7753572	20.5809	141.86046511627907
15	7866569	29.8373	144.1860465116279
15	7944511	74.4496	146.51162790697674
15	7975748	63.0529	148.8372093023256
15	8012631	95.8094	151.1627906976744
15	8036904	189.673	153.48837209302326
15	8049165	42.7175	155.8139534883721
15	8103606	49.623	158.13953488372093
15	8150471	137.017	160.46511627906978
15	8167444	20.6209	162.7906976744186
15	8280222	16.8678	165.11627906976744
15	8418093	12.6917	167.4418604651163
15	8601330	15.6574	169.7674418604651
15	8749859	149.143	172.09302325581396
15	8765452	44.6737	174.41860465116278
15	8817509	39.0388	176.74418604651163
15	8877080	55.2473	179.06976744186048
15	8919174	56.6911	181.3953488372093
15	8960196	111.614	183.72093023255815
15	8981032	26.8082	186.04651162790697
15	9067781	25.4167	188.37209302325581
15	9159279	12.1868	190.69767441860466
15	9350107	0	193.0232558139535
16	498566	2.77805	0.0
16	1335694	6.54086	2.3255813953488373
16	1691241	33.6208	4.651162790697675
16	1760412	10.3735	6.976744186046512
16	1984597	11.8188	9.30232558139535
16	2181367	85.2205	11.627906976744185
16	2208656	32.2411	13.953488372093023
16	2280787	14.1639	16.27906976744186
16	2444978	11.5084	18.6046511627907
16	2647054	17.819	20.930232558139537
16	2777565	40.7368	23.25581395348837
16	2834653	15.2848	25.581395348837212
16	2986803	13.669	27.906976744186046
16	3156938	29.2342	30.23255813953488
16	3236488	77.0264	32.55813953488372
16	3266680	18.72	34.883720930232556
16	3390910	13.7236	37.2093023255814
16	3560368	43.1014	39.53488372093023
16	3614324	242.324	41.86046511627907
16	3623921	106.913	44.18604651162791
16	3645673	82.3331	46.51162790697674
16	3673919	129.696	48.837209302325576
16	3691850	120.935	51.162790697674424
16	3711080	159.79	53.48837209302325
16	3725634	31.9334	55.81395348837209
16	3798460	27.3617	58.139534883720934
16	3883454	36.9398	60.46511627906976
16	3946410	42.4903	62.7906976744186
16	4001142	91.6196	65.11627906976744
16	4026525	37.5773	67.44186046511628
16	4088413	19.101	69.76744186046511
16	4210165	26.785	72.09302325581395
16	4296989	231.701	74.4186046511628
16	4307026	251.088	76.74418604651163
16	4316288	39.4487	79.06976744186046
16	4375240	35.4024	81.3953488372093
16	4440930	57.777	83.72093023255815
16	4481181	55.6692	86.04651162790698
16	4522956	83.1902	88.37209302325581
16	4550911	10.147	90.69767441860465
16	4780100	9.16594	93.02325581395348
16	5033820	14.8623	95.34883720930233
16	5190295	19.3166	97.67441860465115
16	5310688	90.7013	100.0
16	5336328	11.7519	102.32558139534885
16	5534218	13.4581	104.65116279069768
16	5707019	277.88	106.9767441860465
16	5715388	48.0413	109.30232558139534
16	5763796	53.0821	111.62790697674419
16	5807607	22.3367	113.95348837209302
16	5911722	18.1011	116.27906976744187
16	6040199	52.4843	118.6046511627907
16	6084509	18.0586	120.93023255813952
16	6213289	15.0129	123.25581395348837
16	6368195	32.8769	125.5813953488372
16	6438931	41.0713	127.90697674418605
16	6495554	44.0418	130.2325581395349
16	6548358	95.8212	132.5581395348837
16	6572628	52.3921	134.88372093023256
16	6617016	33.1246	137.2093023255814
16	6687223	40.9556	139.53488372093022
16	6744006	33.7652	141.86046511627907
16	6812881	23.51	144.1860465116279
16	6911800	28.9262	146.51162790697674
16	6992197	17.5037	148.8372093023256
16	7125059	0	151.1627906976744
